employeeId	formattedRole
22511467	user.role.engg
22511468	user.role.engg
22511823	user.role.engg
22511824	user.role.engg
22526578	user.role.engg
22531240	user.role.engg
22531237	user.role.engg
22533364	user.role.engg
23527509	user.role.engg
22514182	user.role.partlead
22531564	user.role.partlead
23510817	user.role.engg
22512648	user.role.engg
23510419	user.role.engg
23524573	user.role.engg
24525131	user.role.engg
24526449	user.role.engg
20529200	user.role.engg
21513785	user.role.engg
21523599	user.role.engg
21523610	user.role.engg
21535607	user.role.engg
22509652	user.role.engg
22513218	user.role.engg
22515772	user.role.engg
04702561	user.role.engg
13630659	user.role.engg
18784046	user.role.engg
19529239	user.role.engg
22510366	user.role.engg
22517865	user.role.engg
22518388	user.role.engg
22524326	user.role.engg
22524337	user.role.engg
23514257	user.role.engg
23514210	user.role.engg
25500928	user.role.engg
24500042	user.role.engg
04733475	user.role.partlead
11513068	user.role.partlead
11624075	user.role.partlead
12565654	user.role.partlead
12568200	user.role.partlead
13533653	user.role.engg
13548353	user.role.engg
17797945	user.role.engg
19529187	user.role.engg
21500793	user.role.engg
21500822	user.role.engg
21523490	user.role.engg
22505359	user.role.engg
22506224	user.role.engg
22508523	user.role.engg
23514208	user.role.engg
23514232	user.role.engg
23514263	user.role.engg
23514264	user.role.engg
23520204	user.role.engg
23520206	user.role.engg
23520194	user.role.engg
24517863	user.role.engg
24517912	user.role.engg
24517880	user.role.engg
24517936	user.role.engg
24517929	user.role.engg
24517942	user.role.engg
24517938	user.role.engg
24517956	user.role.engg
24517974	user.role.engg
12552630	user.role.engg
12609136	user.role.engg
15836953	user.role.engg
15837428	user.role.engg
16801681	user.role.engg
12558805	user.role.engg
20507262	user.role.engg
21500778	user.role.engg
21500823	user.role.engg
21500897	user.role.engg
22537933	user.role.engg
11626440	user.role.engg
19529196	user.role.engg
19537638	user.role.engg
21500861	user.role.engg
21500903	user.role.engg
21518239	user.role.engg
21523510	user.role.engg
21523585	user.role.engg
21523586	user.role.engg
22524493	user.role.engg
22529375	user.role.engg
23514225	user.role.engg
23514246	user.role.engg
23520198	user.role.engg
23520177	user.role.engg
23520224	user.role.engg
23520217	user.role.engg
23520229	user.role.engg
24500096	user.role.engg
24517879	user.role.engg
24517864	user.role.engg
24517976	user.role.engg
24517953	user.role.engg
13628578	user.role.grouphead
06680064	user.role.partlead
08520608	user.role.partlead
14829603	user.role.partlead
11605311	user.role.engg
12535892	user.role.engg
12604621	user.role.engg
16788437	user.role.engg
17797947	user.role.engg
18784045	user.role.engg
18784164	user.role.engg
21500974	user.role.engg
22504720	user.role.engg
22514326	user.role.engg
22518155	user.role.engg
22524283	user.role.engg
22524280	user.role.engg
23514250	user.role.engg
24500041	user.role.engg
24500068	user.role.engg
24500064	user.role.engg
24517833	user.role.engg
24517930	user.role.engg
24517926	user.role.engg
24517950	user.role.engg
24517965	user.role.engg
10563534	user.role.partlead
13560340	user.role.partlead
13578750	user.role.partlead
13643094	user.role.engg
10556845	user.role.engg
11575935	user.role.engg
12588246	user.role.engg
13554469	user.role.engg
13618469	user.role.engg
20502918	user.role.partlead
22522721	user.role.engg
12572751	user.role.engg
12572945	user.role.engg
19543471	user.role.engg
21500870	user.role.engg
21500767	user.role.engg
21500781	user.role.engg
21500843	user.role.engg
21500949	user.role.engg
21523628	user.role.engg
22506220	user.role.engg
22511314	user.role.engg
22524305	user.role.engg
23520230	user.role.engg
24500054	user.role.engg
24500099	user.role.engg
24517834	user.role.engg
24517867	user.role.engg
05638448	user.role.partlead
06680053	user.role.partlead
10544523	user.role.partlead
13664046	user.role.partlead
13682883	user.role.partlead
08532034	user.role.engg
13622357	user.role.engg
13661436	user.role.engg
21523569	user.role.engg
22517889	user.role.engg
22524301	user.role.engg
22524432	user.role.engg
22524435	user.role.engg
24500131	user.role.engg
24517908	user.role.engg
24517958	user.role.engg
04676908	user.role.engg
08614946	user.role.engg
11586506	user.role.engg
13618460	user.role.engg
13636593	user.role.engg
15765736	user.role.engg
13628577	user.role.engg
13639865	user.role.engg
15804903	user.role.engg
13549425	user.role.engg
19529225	user.role.engg
21500819	user.role.engg
21518246	user.role.engg
21523546	user.role.engg
21523577	user.role.engg
22508524	user.role.engg
22508844	user.role.engg
22509240	user.role.engg
22508457	user.role.engg
22518383	user.role.engg
22524440	user.role.engg
22524439	user.role.engg
22531174	user.role.engg
24500044	user.role.engg
24500105	user.role.engg
24500084	user.role.engg
24517921	user.role.engg
24517914	user.role.engg
24517933	user.role.engg
24517937	user.role.engg
24517940	user.role.engg
24517963	user.role.engg
22518400	user.role.engg
22517886	user.role.engg
21500941	user.role.engg
07669332	user.role.engg
24517939	user.role.engg
22524377	user.role.engg
12638116	user.role.engg
04672542	user.role.partlead
22524321	user.role.engg
25500931	user.role.engg
22530237	user.role.engg
22530241	user.role.engg
22531238	user.role.engg
22536501	user.role.engg
23508420	user.role.engg
23508418	user.role.engg
23508684	user.role.engg
23508763	user.role.engg
23508764	user.role.engg
23509508	user.role.engg
23509310	user.role.engg
23511249	user.role.engg
23513227	user.role.engg
24520431	user.role.engg
24521622	user.role.engg
25500817	user.role.engg
25500815	user.role.engg
24501249	user.role.engg
24501246	user.role.engg
24505893	user.role.engg
11545697	user.role.engg
12546123	user.role.engg
21507643	user.role.engg
21513122	user.role.engg
22508163	user.role.engg
22508167	user.role.engg
22505756	user.role.engg
22517899	user.role.engg
22517912	user.role.engg
22524367	user.role.engg
22524351	user.role.engg
24500052	user.role.engg
24500082	user.role.engg
11572879	user.role.engg
11616281	user.role.engg
12561877	user.role.engg
13643830	user.role.engg
22521317	user.role.engg
23520487	user.role.engg
21500954	user.role.engg
21523494	user.role.engg
21523508	user.role.engg
22524328	user.role.engg
22524352	user.role.engg
22524347	user.role.engg
23514216	user.role.engg
23520197	user.role.engg
23520199	user.role.engg
23520195	user.role.engg
24500073	user.role.engg
24500116	user.role.engg
24500095	user.role.engg
24500113	user.role.engg
22506404	user.role.engg
22511318	user.role.engg
22517893	user.role.engg
22524295	user.role.engg
23520236	user.role.engg
24517605	user.role.engg
24517866	user.role.engg
24517973	user.role.engg
06679976	user.role.partlead
18804533	user.role.partlead
05639054	user.role.engg
09522971	user.role.engg
11545693	user.role.engg
12586301	user.role.engg
13624015	user.role.engg
15805871	user.role.engg
15834426	user.role.engg
15834782	user.role.engg
16751890	user.role.engg
17789999	user.role.engg
18780340	user.role.engg
19533069	user.role.engg
19543411	user.role.engg
13519161	user.role.engg
21523499	user.role.engg
08516167	user.role.engg
08521282	user.role.engg
09500945	user.role.engg
11596628	user.role.engg
12575763	user.role.engg
13529053	user.role.engg
13547073	user.role.engg
15804913	user.role.engg
15840882	user.role.engg
22517842	user.role.engg
08500609	user.role.engg
11596630	user.role.engg
13547608	user.role.engg
17768877	user.role.engg
17798229	user.role.engg
17798354	user.role.engg
19529167	user.role.engg
19529175	user.role.engg
21500961	user.role.engg
21523553	user.role.engg
21523622	user.role.engg
22515653	user.role.engg
22518399	user.role.engg
22529319	user.role.engg
23514227	user.role.engg
23514253	user.role.engg
23514254	user.role.engg
08500604	user.role.engg
13520003	user.role.engg
13619955	user.role.engg
16784695	user.role.engg
16792076	user.role.engg
17757740	user.role.engg
17798309	user.role.engg
18784070	user.role.engg
19529173	user.role.engg
20505513	user.role.engg
20526527	user.role.engg
22508842	user.role.engg
22524285	user.role.engg
22524278	user.role.engg
22524368	user.role.engg
22531175	user.role.engg
23514248	user.role.engg
24517837	user.role.engg
24517839	user.role.engg
24517851	user.role.engg
24517888	user.role.engg
24517889	user.role.engg
08583571	user.role.engg
22532401	user.role.engg
22531169	user.role.engg
23520215	user.role.engg
23520219	user.role.engg
24500090	user.role.engg
24500062	user.role.engg
24517874	user.role.engg
24517913	user.role.engg
11628993	user.role.engg
11630007	user.role.engg
12590569	user.role.engg
13648010	user.role.engg
15804898	user.role.engg
23519736	user.role.engg
15841139	user.role.engg
17797928	user.role.engg
21500759	user.role.engg
21500863	user.role.engg
21500874	user.role.engg
21523629	user.role.engg
22524413	user.role.engg
23520184	user.role.engg
23520196	user.role.engg
24500086	user.role.engg
24517822	user.role.engg
19529206	user.role.engg
21500787	user.role.engg
21500847	user.role.engg
21500943	user.role.engg
21536057	user.role.engg
22517860	user.role.engg
22517863	user.role.engg
22517874	user.role.engg
22517880	user.role.engg
22518381	user.role.engg
22524241	user.role.engg
22524777	user.role.engg
23520210	user.role.engg
23520187	user.role.engg
24517934	user.role.engg
12555140	user.role.engg
13624017	user.role.engg
18784110	user.role.engg
21523590	user.role.engg
21536053	user.role.engg
22516280	user.role.engg
22517855	user.role.engg
22517877	user.role.engg
22517916	user.role.engg
22524297	user.role.engg
23514231	user.role.engg
23520186	user.role.engg
10543349	user.role.partlead
11598091	user.role.engg
12582520	user.role.engg
13594059	user.role.engg
13692148	user.role.engg
19533070	user.role.engg
14829590	user.role.engg
20513326	user.role.engg
21523500	user.role.engg
22504718	user.role.engg
22515648	user.role.engg
22534118	user.role.engg
24515756	user.role.engg
24518717	user.role.engg
08656299	user.role.engg
10502049	user.role.engg
12567287	user.role.engg
13622625	user.role.engg
17797876	user.role.engg
17809536	user.role.engg
22519490	user.role.engg
22531186	user.role.engg
24515760	user.role.engg
04736521	user.role.partlead
04581026	user.role.partlead
07704827	user.role.partlead
22524427	user.role.engg
22525314	user.role.engg
22531178	user.role.engg
24514588	user.role.engg
11594582	user.role.grouphead
04734070	user.role.partlead
11530275	user.role.partlead
14829578	user.role.partlead
11634934	user.role.engg
13501588	user.role.engg
12546121	user.role.engg
12555115	user.role.engg
12555124	user.role.engg
12572730	user.role.engg
12574359	user.role.engg
13501585	user.role.engg
14829582	user.role.engg
16799898	user.role.engg
19542340	user.role.engg
20509220	user.role.engg
21530593	user.role.engg
21530594	user.role.engg
21530595	user.role.engg
22503505	user.role.engg
22505749	user.role.engg
22509505	user.role.engg
22510881	user.role.engg
25500947	user.role.engg
25500881	user.role.engg
25500887	user.role.engg
25500883	user.role.engg
25500890	user.role.engg
25500904	user.role.engg
25500908	user.role.engg
25500924	user.role.engg
25500900	user.role.engg
25500884	user.role.engg
25500897	user.role.engg
25500912	user.role.engg
25500922	user.role.engg
25500886	user.role.engg
25500889	user.role.engg
25500902	user.role.engg
25500913	user.role.engg
25500892	user.role.engg
25500903	user.role.engg
25500919	user.role.engg
25500930	user.role.engg
25500932	user.role.engg
25500893	user.role.engg
25500896	user.role.engg
25500918	user.role.engg
90003371	user.role.engg
22513220	user.role.engg
24500083	user.role.engg
21523816	user.role.engg
23520182	user.role.engg
08676731	user.role.engg
24517873	user.role.engg
24517894	user.role.engg
10567145	user.role.engg
22514319	user.role.engg
25500952	user.role.engg
25500992	user.role.engg
24517922	user.role.engg
08552849	user.role.engg
12560835	user.role.engg
13592971	user.role.engg
13617766	user.role.engg
13619919	user.role.engg
13638499	user.role.engg
21500958	user.role.engg
22511310	user.role.engg
22517902	user.role.engg
22517915	user.role.engg
22524426	user.role.engg
22524429	user.role.engg
23501933	user.role.engg
23514214	user.role.engg
23520201	user.role.engg
23520175	user.role.engg
23520178	user.role.engg
23520218	user.role.engg
23520242	user.role.engg
24500097	user.role.engg
24517838	user.role.engg
24517824	user.role.engg
24517964	user.role.engg
24517876	user.role.engg
24517904	user.role.engg
12546271	user.role.engg
11630009	user.role.engg
12553572	user.role.engg
13637570	user.role.engg
12625939	user.role.engg
13532181	user.role.engg
21500779	user.role.engg
21500844	user.role.engg
21523502	user.role.engg
22516163	user.role.engg
22517882	user.role.engg
22520231	user.role.engg
22524373	user.role.engg
04581015	user.role.engg
06780321	user.role.engg
11510583	user.role.engg
11573999	user.role.engg
11618905	user.role.engg
11625546	user.role.engg
12574351	user.role.engg
13518745	user.role.engg
13580213	user.role.engg
13605872	user.role.engg
13620029	user.role.engg
13628579	user.role.engg
13638745	user.role.engg
13648015	user.role.engg
12554738	user.role.engg
12558803	user.role.engg
23500920	user.role.engg
23508503	user.role.engg
24500540	user.role.engg
24500541	user.role.engg
24500548	user.role.engg
24503304	user.role.engg
24503305	user.role.engg
24503313	user.role.engg
16802078	user.role.engg
18781480	user.role.engg
18796671	user.role.engg
18796950	user.role.engg
21501917	user.role.engg
21512668	user.role.engg
22503509	user.role.engg
22505750	user.role.engg
22505752	user.role.engg
22507909	user.role.engg
22510877	user.role.engg
22511041	user.role.engg
24500538	user.role.engg
24500542	user.role.engg
24503303	user.role.engg
24503317	user.role.engg
24503320	user.role.engg
10576281	user.role.engg
25500954	user.role.engg
25500899	user.role.engg
25500894	user.role.engg
25500901	user.role.engg
25500898	user.role.engg
25500916	user.role.engg
25500921	user.role.engg
25500942	user.role.engg
25500956	user.role.engg
25500959	user.role.engg
25500917	user.role.engg
25500925	user.role.engg
25500940	user.role.engg
25500941	user.role.engg
25500949	user.role.engg
25500927	user.role.engg
25500933	user.role.engg
25500929	user.role.engg
25500946	user.role.engg
25500967	user.role.engg
25500926	user.role.engg
25500985	user.role.engg
25500987	user.role.engg
25500993	user.role.engg
25500945	user.role.engg
25500958	user.role.engg
24503321	user.role.engg
25500970	user.role.engg
25500971	user.role.engg
25500943	user.role.engg
25500966	user.role.engg
25500974	user.role.engg
25500936	user.role.engg
25500955	user.role.engg
25500944	user.role.engg
25500948	user.role.engg
25500953	user.role.engg
25500951	user.role.engg
25500960	user.role.engg
25500963	user.role.engg
25500980	user.role.engg
25500957	user.role.engg
25500964	user.role.engg
25500968	user.role.engg
25500972	user.role.engg
25500975	user.role.engg
25500978	user.role.engg
25500981	user.role.engg
25500984	user.role.engg
25500961	user.role.engg
25500962	user.role.engg
25500965	user.role.engg
25500973	user.role.engg
25500969	user.role.engg
90003373	user.role.engg
90003069	user.role.engg
90003378	user.role.engg
90003380	user.role.engg
90003381	user.role.engg
90003382	user.role.engg
90003384	user.role.engg
90003388	user.role.engg
90003391	user.role.engg
90003393	user.role.engg
90003392	user.role.engg
90003395	user.role.engg
90003399	user.role.engg
90003404	user.role.engg
90003408	user.role.engg
90003410	user.role.engg
90003411	user.role.engg
90003413	user.role.engg
13545531	user.role.engg
13501626	user.role.engg
12572769	user.role.engg
16780633	user.role.engg
21530588	user.role.engg
21530596	user.role.engg
22505754	user.role.engg
11513070	user.role.partlead
13501316	user.role.partlead
13501620	user.role.partlead
13501591	user.role.engg
13501603	user.role.engg
13501612	user.role.engg
21530591	user.role.engg
22503514	user.role.engg
22509532	user.role.engg
22534220	user.role.engg
23502408	user.role.engg
24500547	user.role.engg
24500539	user.role.engg
24500543	user.role.engg
24503314	user.role.engg
24503318	user.role.engg
24503302	user.role.engg
24503307	user.role.engg
24503316	user.role.engg
22514181	user.role.engg
22515651	user.role.engg
22515798	user.role.engg
22523581	user.role.engg
22530239	user.role.engg
24516445	user.role.engg
24520318	user.role.engg
24523112	user.role.engg
24524713	user.role.engg
21514869	user.role.engg
04728045	user.role.grouphead
12609140	user.role.grouphead
05519573	user.role.grouphead
03652797	user.role.partlead
04707953	user.role.partlead
07620317	user.role.engg
07668748	user.role.partlead
09531147	user.role.partlead
13632962	user.role.partlead
13670311	user.role.engg
08522930	user.role.engg
11543931	user.role.engg
12560475	user.role.engg
19529235	user.role.engg
20512228	user.role.engg
22524339	user.role.engg
24517971	user.role.engg
08612279	user.role.engg
12550868	user.role.engg
22512796	user.role.engg
21500938	user.role.engg
22509402	user.role.engg
22524249	user.role.engg
22524257	user.role.engg
22524335	user.role.engg
23514213	user.role.engg
23520192	user.role.engg
24500112	user.role.engg
24500102	user.role.engg
07559231	user.role.engg
13562018	user.role.engg
17809538	user.role.engg
21500813	user.role.engg
21523504	user.role.engg
22516226	user.role.engg
22517892	user.role.engg
22524341	user.role.engg
22524346	user.role.engg
22524421	user.role.engg
23515475	user.role.engg
23520227	user.role.engg
23520233	user.role.engg
24500404	user.role.engg
22516183	user.role.engg
22524378	user.role.engg
22525417	user.role.engg
22529393	user.role.engg
22534878	user.role.engg
23508776	user.role.engg
23515060	user.role.engg
23514224	user.role.engg
23514260	user.role.engg
23520202	user.role.engg
24517827	user.role.engg
24517885	user.role.engg
24517925	user.role.engg
13549427	user.role.engg
13607727	user.role.engg
17750214	user.role.engg
21518231	user.role.engg
21523566	user.role.engg
22517907	user.role.engg
22524318	user.role.engg
22524381	user.role.engg
23520226	user.role.engg
24517852	user.role.engg
15840881	user.role.partlead
08536525	user.role.engg
11514762	user.role.engg
11612056	user.role.engg
23520212	user.role.engg
24500071	user.role.engg
24500126	user.role.engg
24512591	user.role.engg
24517884	user.role.engg
24519705	user.role.engg
13529060	user.role.engg
22511319	user.role.engg
22524387	user.role.engg
22531182	user.role.engg
22534449	user.role.engg
23509196	user.role.engg
23512692	user.role.engg
24500063	user.role.engg
24500117	user.role.engg
24500127	user.role.engg
24500074	user.role.engg
24500128	user.role.engg
24517848	user.role.engg
24517920	user.role.engg
12530125	user.role.partlead
13501595	user.role.partlead
03652628	user.role.engg
08500587	user.role.engg
11500418	user.role.superadmin
11542539	user.role.engg
08524850	user.role.engg
10540888	user.role.engg
11548330	user.role.engg
13501610	user.role.engg
13608731	user.role.engg
19526473	user.role.engg
18784085	user.role.engg
20511263	user.role.engg
21519864	user.role.engg
22524275	user.role.engg
24514909	user.role.engg
10575192	user.role.engg
11608468	user.role.partlead
13604113	user.role.partlead
06651383	user.role.engg
07823349	user.role.engg
12568208	user.role.engg
18784043	user.role.engg
19529198	user.role.engg
21530886	user.role.engg
22506219	user.role.engg
22517862	user.role.engg
22524269	user.role.engg
24517881	user.role.engg
24517945	user.role.engg
09527700	user.role.engg
14558504	user.role.engg
22524776	user.role.engg
16788352	user.role.engg
20502931	user.role.engg
20526520	user.role.engg
20526522	user.role.engg
21500951	user.role.engg
21500967	user.role.engg
21500970	user.role.engg
21523515	user.role.engg
22508458	user.role.engg
22518389	user.role.engg
22524304	user.role.engg
22524306	user.role.engg
23514238	user.role.engg
23514229	user.role.engg
24500093	user.role.engg
24500115	user.role.engg
24500077	user.role.engg
24500075	user.role.engg
24517608	user.role.engg
90003414	user.role.engg
90003418	user.role.engg
90003406	user.role.engg
90003415	user.role.engg
90003510	user.role.engg
90003422	user.role.engg
90003424	user.role.engg
90003425	user.role.engg
90003427	user.role.engg
90003421	user.role.engg
90003429	user.role.engg
90003430	user.role.engg
90003431	user.role.engg
90003437	user.role.engg
90003432	user.role.engg
90003434	user.role.engg
90003419	user.role.engg
90003441	user.role.engg
90003443	user.role.engg
90003444	user.role.engg
90003445	user.role.engg
90003447	user.role.engg
90003448	user.role.engg
23514240	user.role.engg
23520222	user.role.engg
24500065	user.role.engg
24500079	user.role.engg
24500091	user.role.engg
24517947	user.role.engg
24517870	user.role.engg
24517952	user.role.engg
11598098	user.role.engg
24500048	user.role.engg
24500125	user.role.engg
19529207	user.role.engg
21523519	user.role.engg
22511326	user.role.engg
22514641	user.role.engg
22524354	user.role.engg
23514211	user.role.engg
24517905	user.role.engg
12556960	user.role.engg
12609138	user.role.engg
21523582	user.role.engg
22524344	user.role.engg
22526740	user.role.engg
22531164	user.role.engg
23514239	user.role.engg
23520216	user.role.engg
24500050	user.role.engg
24500059	user.role.engg
24500124	user.role.engg
24512281	user.role.engg
24517943	user.role.engg
24517970	user.role.engg
08524853	user.role.engg
10509040	user.role.engg
10509041	user.role.engg
11626074	user.role.engg
12520096	user.role.engg
12572430	user.role.engg
13560342	user.role.engg
13587427	user.role.engg
13639632	user.role.engg
14832363	user.role.engg
24500790	user.role.engg
19529171	user.role.engg
19542907	user.role.engg
21500784	user.role.engg
22511322	user.role.engg
22517864	user.role.engg
22524246	user.role.engg
22524259	user.role.engg
22524350	user.role.engg
22524399	user.role.engg
12575019	user.role.engg
12587747	user.role.engg
12596727	user.role.engg
13637568	user.role.engg
15804800	user.role.engg
15804801	user.role.engg
22516230	user.role.engg
22534520	user.role.engg
13564259	user.role.engg
17798369	user.role.engg
20526501	user.role.engg
21523514	user.role.engg
21523570	user.role.engg
21523568	user.role.engg
21523580	user.role.engg
21523608	user.role.engg
21523615	user.role.engg
22518385	user.role.engg
22524395	user.role.engg
22524386	user.role.engg
22524388	user.role.engg
22524412	user.role.engg
22531181	user.role.engg
24516829	user.role.engg
24517883	user.role.engg
24517847	user.role.engg
24517927	user.role.engg
11624074	user.role.engg
11557351	user.role.superadmin
11594581	user.role.engg
13501594	user.role.engg
17768828	user.role.engg
07664702	user.role.engg
18780407	user.role.engg
21523563	user.role.engg
22504512	user.role.engg
22505023	user.role.engg
22505024	user.role.engg
22505025	user.role.engg
22505026	user.role.engg
22505027	user.role.engg
22505748	user.role.engg
22506223	user.role.engg
22508153	user.role.engg
22508155	user.role.engg
22508125	user.role.engg
22508154	user.role.engg
22508161	user.role.engg
22508162	user.role.engg
22508164	user.role.engg
22508165	user.role.engg
22515767	user.role.engg
22516231	user.role.engg
22536696	user.role.engg
22524256	user.role.engg
22524270	user.role.engg
22524273	user.role.engg
22524282	user.role.engg
23520172	user.role.engg
23520173	user.role.engg
23520238	user.role.engg
24517875	user.role.engg
24517895	user.role.engg
24517915	user.role.engg
13588658	user.role.engg
14829600	user.role.engg
22509241	user.role.engg
19529208	user.role.engg
20505515	user.role.engg
21523636	user.role.engg
22502096	user.role.engg
22509450	user.role.engg
22510343	user.role.engg
22510445	user.role.engg
22517885	user.role.engg
22517900	user.role.engg
22524276	user.role.engg
22524286	user.role.engg
22524281	user.role.engg
22524287	user.role.engg
24517821	user.role.engg
24517871	user.role.engg
24517972	user.role.engg
24517966	user.role.engg
17786261	user.role.grouphead
19515253	user.role.grouphead
14637148	user.role.partlead
24503388	user.role.partlead
16793125	user.role.partlead
11587695	user.role.hradmin
12550141	user.role.peoplepartner
22533367	user.role.peoplepartner
19543412	user.role.hradmin
22536181	user.role.engg
14558877	user.role.engg
22503813	user.role.engg
22505096	user.role.engg
24514676	user.role.engg
23505440	user.role.engg
18786836	user.role.engg
22510593	user.role.engg
22536468	user.role.engg
24506145	user.role.engg
15750950	user.role.partlead
12541479	user.role.engg
12568202	user.role.engg
13620032	user.role.engg
13631648	user.role.engg
22524431	user.role.engg
23506715	user.role.engg
23514230	user.role.engg
24517825	user.role.engg
24517907	user.role.engg
24517935	user.role.engg
03645463	user.role.grouphead
05729577	user.role.grouphead
09521578	user.role.grouphead
12511742	user.role.grouphead
09534968	user.role.partlead
07702514	user.role.engg
10563535	user.role.engg
11580699	user.role.engg
11630011	user.role.engg
13618475	user.role.engg
13639868	user.role.engg
13648023	user.role.engg
19529147	user.role.engg
20526517	user.role.engg
21523487	user.role.engg
22512540	user.role.engg
22524265	user.role.engg
22524266	user.role.engg
22524303	user.role.engg
22524369	user.role.engg
22525406	user.role.engg
22526580	user.role.engg
90003451	user.role.engg
12572426	user.role.engg
23520214	user.role.engg
12548483	user.role.engg
23500919	user.role.engg
22524288	user.role.engg
13595629	user.role.engg
22536820	user.role.engg
13614763	user.role.engg
24506089	user.role.engg
25500999	user.role.engg
25500976	user.role.engg
25500986	user.role.engg
25500990	user.role.engg
25500995	user.role.engg
25501000	user.role.engg
25500983	user.role.engg
25500977	user.role.engg
25500979	user.role.engg
25500989	user.role.engg
25500998	user.role.engg
25500982	user.role.engg
25500988	user.role.engg
25500991	user.role.engg
25500994	user.role.engg
25500996	user.role.engg
25501001	user.role.engg
25500868	user.role.engg
25500869	user.role.engg
25500934	user.role.engg
25500935	user.role.engg
25500937	user.role.engg
25500938	user.role.engg
25500939	user.role.engg
25500950	user.role.engg
25500997	user.role.engg
25502005	user.role.engg
25517224	user.role.engg
90003463	user.role.engg
25504949	user.role.engg
90003464	user.role.engg
25517213	user.role.engg
90003512	user.role.engg
90003511	user.role.engg
25502527	user.role.engg
90003452	user.role.engg
90003455	user.role.engg
90003456	user.role.engg
90003454	user.role.engg
90003457	user.role.engg
90003458	user.role.engg
90003459	user.role.engg
90003460	user.role.engg
25502007	user.role.engg
02080468	user.role.md
17043640	user.role.engg
96798526	user.role.teamhead
04055327	user.role.engg
05025694	user.role.expat
05030773	user.role.expat
05051387	user.role.expat
06327828	user.role.expat
10192253	user.role.expat
12003382	user.role.expat
04734387	user.role.teamhead
05557960	user.role.teamhead
22530848	user.role.teamhead
04728181	user.role.teamhead
05630308	user.role.teamhead
07531886	user.role.teamhead
25502006	user.role.engg
25502004	user.role.engg
25502303	user.role.engg
25502008	user.role.engg
25502128	user.role.engg
25502130	user.role.engg
25502129	user.role.engg
25502218	user.role.engg
13544664	user.role.engg
13611616	user.role.engg
13630054	user.role.engg
21523565	user.role.engg
21523594	user.role.engg
22514643	user.role.engg
22524260	user.role.engg
22524332	user.role.engg
22524334	user.role.engg
22524359	user.role.engg
24500085	user.role.engg
24500069	user.role.engg
24500100	user.role.engg
24517830	user.role.engg
24517892	user.role.engg
24517931	user.role.engg
24517906	user.role.engg
06747020	user.role.partlead
08524839	user.role.partlead
13574374	user.role.partlead
13595925	user.role.partlead
08717962	user.role.engg
08530205	user.role.engg
11627828	user.role.engg
13597505	user.role.engg
13607721	user.role.engg
15841138	user.role.engg
24500045	user.role.engg
24500056	user.role.engg
24500070	user.role.engg
24500081	user.role.engg
24500094	user.role.engg
24500120	user.role.engg
05650782	user.role.grouphead
05599111	user.role.grouphead
13639867	user.role.grouphead
13638496	user.role.grouphead
08755780	user.role.engg
11500419	user.role.engg
11500421	user.role.engg
14803035	user.role.engg
15777010	user.role.engg
10520694	user.role.engg
15804802	user.role.engg
16801685	user.role.engg
18783981	user.role.engg
22520860	user.role.engg
07670282	user.role.engg
13630053	user.role.engg
13677189	user.role.engg
10576294	user.role.engg
13640638	user.role.engg
11612057	user.role.engg
12541482	user.role.engg
13664047	user.role.engg
17812911	user.role.engg
16751892	user.role.engg
12597379	user.role.engg
13578753	user.role.engg
13584580	user.role.engg
15803072	user.role.engg
15835625	user.role.engg
22533363	user.role.engg
12553568	user.role.engg
16799906	user.role.engg
17797939	user.role.engg
19529200	user.role.engg
20504646	user.role.engg
21500795	user.role.engg
21500815	user.role.engg
21500873	user.role.engg
21518240	user.role.engg
21523531	user.role.engg
21523619	user.role.engg
21523633	user.role.engg
21523635	user.role.engg
22506225	user.role.engg
22516162	user.role.engg
22517911	user.role.engg
22524392	user.role.engg
22524384	user.role.engg
22524433	user.role.engg
22533628	user.role.engg
23514247	user.role.engg
23514242	user.role.engg
24512261	user.role.engg
23508422	user.role.engg
23508421	user.role.engg
23508685	user.role.engg
23510418	user.role.engg
24524956	user.role.engg
09538683	user.role.partlead
13501586	user.role.engg
13501609	user.role.engg
12555129	user.role.engg
15842683	user.role.engg
17763689	user.role.engg
19537639	user.role.engg
21517291	user.role.engg
21517292	user.role.engg
21528031	user.role.engg
21529470	user.role.engg
21530598	user.role.engg
22505031	user.role.engg
22505035	user.role.engg
22505700	user.role.engg
22508157	user.role.engg
22509509	user.role.engg
22511315	user.role.engg
22510876	user.role.engg
22524291	user.role.engg
22531176	user.role.engg
23511248	user.role.engg
23520180	user.role.engg
23520213	user.role.engg
23520234	user.role.engg
24500066	user.role.engg
24508535	user.role.engg
24508534	user.role.engg
24517846	user.role.engg
24517902	user.role.engg
24517893	user.role.engg
24517918	user.role.engg
24517968	user.role.engg
24517961	user.role.engg
24517948	user.role.engg
06680075	user.role.grouphead
11607837	user.role.grouphead
11634673	user.role.partlead
12537241	user.role.partlead
10542972	user.role.engg
11588612	user.role.engg
12588245	user.role.engg
16788460	user.role.engg
24514092	user.role.engg
21500775	user.role.engg
17774564	user.role.engg
19509391	user.role.engg
23500921	user.role.engg
04718687	user.role.grouphead
07823350	user.role.grouphead
07798370	user.role.partlead
08557515	user.role.partlead
11590339	user.role.partlead
11626789	user.role.partlead
12576571	user.role.partlead
12560474	user.role.engg
13562017	user.role.engg
13646782	user.role.engg
12572921	user.role.engg
21500878	user.role.engg
22517875	user.role.engg
22524402	user.role.engg
24500049	user.role.engg
24517841	user.role.engg
24517960	user.role.engg
08500611	user.role.engg
10573421	user.role.engg
12560839	user.role.engg
12580410	user.role.engg
13513197	user.role.engg
13552612	user.role.engg
13618471	user.role.engg
13641918	user.role.engg
17813605	user.role.engg
15804914	user.role.engg
23514235	user.role.engg
24517844	user.role.engg
24517829	user.role.engg
24517899	user.role.engg
24517916	user.role.engg
07622595	user.role.engg
08524241	user.role.engg
09527654	user.role.engg
11617319	user.role.engg
13517588	user.role.engg
13603477	user.role.engg
18784160	user.role.engg
22509401	user.role.engg
22524366	user.role.engg
22537700	user.role.engg
23514251	user.role.engg
23520223	user.role.engg
24517946	user.role.engg
05557971	user.role.partlead
11590338	user.role.partlead
18762436	user.role.partlead
09527695	user.role.engg
11619821	user.role.engg
12537243	user.role.engg
12555702	user.role.engg
12593869	user.role.engg
13620031	user.role.engg
14806876	user.role.engg
14817030	user.role.engg
15841736	user.role.engg
18784055	user.role.engg
21523538	user.role.engg
21523555	user.role.engg
21523595	user.role.engg
21523620	user.role.engg
22505097	user.role.engg
22508146	user.role.engg
22509237	user.role.engg
22510880	user.role.engg
22515771	user.role.engg
22516229	user.role.engg
22517913	user.role.engg
22520123	user.role.engg
22524317	user.role.engg
22524372	user.role.engg
22524398	user.role.engg
22524451	user.role.engg
22527448	user.role.engg
23500878	user.role.engg
24517711	user.role.engg
24517890	user.role.engg
24517896	user.role.engg
24517877	user.role.engg
24517891	user.role.engg
24517882	user.role.engg
24506090	user.role.engg
24506153	user.role.engg
24507650	user.role.engg
24507647	user.role.engg
24512827	user.role.engg
24515759	user.role.engg
24515757	user.role.engg
11628990	user.role.engg
12546120	user.role.engg
13519505	user.role.engg
12548478	user.role.engg
12555110	user.role.engg
12555113	user.role.engg
17769406	user.role.engg
18781475	user.role.engg
18796946	user.role.engg
21530592	user.role.engg
21532626	user.role.engg
21533087	user.role.engg
22503508	user.role.engg
22503511	user.role.engg
22503512	user.role.engg
22505747	user.role.engg
22505751	user.role.engg
22505746	user.role.engg
22509513	user.role.engg
22511040	user.role.engg
90003467	user.role.engg
90003017	user.role.engg
09502419	user.role.teamhead
17798237	user.role.engg
12558808	user.role.engg
24514023	user.role.engg
22515895	user.role.engg
21500942	user.role.engg
16788478	user.role.engg
22510598	user.role.engg
24520319	user.role.engg
22514321	user.role.engg
22525023	user.role.engg
22530243	user.role.engg
17798371	user.role.engg
21500768	user.role.engg
21500812	user.role.engg
21500879	user.role.engg
21500963	user.role.engg
21523600	user.role.engg
22508797	user.role.engg
22511323	user.role.engg
22512543	user.role.engg
22524140	user.role.engg
22524449	user.role.engg
22524443	user.role.engg
22524453	user.role.engg
22534222	user.role.engg
23514236	user.role.engg
23514245	user.role.engg
23514209	user.role.engg
23520190	user.role.engg
23520207	user.role.engg
23520239	user.role.engg
23520232	user.role.engg
23520243	user.role.engg
24500106	user.role.engg
12522045	user.role.engg
13646779	user.role.engg
11626435	user.role.engg
12530116	user.role.engg
12572707	user.role.engg
13605870	user.role.engg
13626683	user.role.engg
17797824	user.role.engg
17797953	user.role.engg
18784056	user.role.engg
19529181	user.role.engg
22505101	user.role.engg
22514212	user.role.engg
22517901	user.role.engg
22519500	user.role.engg
22522758	user.role.engg
22524428	user.role.engg
22524454	user.role.engg
22529440	user.role.engg
23514218	user.role.engg
23520174	user.role.engg
23520241	user.role.engg
24517909	user.role.engg
24517978	user.role.engg
24517962	user.role.engg
24525130	user.role.engg
04734274	user.role.engg
22515965	user.role.engg
22530817	user.role.engg
23509409	user.role.engg
23510420	user.role.engg
23526252	user.role.engg
24503312	user.role.engg
24503296	user.role.engg
24503299	user.role.engg
24503298	user.role.engg
24503301	user.role.engg
24503306	user.role.engg
24503309	user.role.engg
24503311	user.role.engg
24503315	user.role.engg
24503319	user.role.engg
24506088	user.role.engg
24506091	user.role.engg
24506148	user.role.engg
24506151	user.role.engg
24506152	user.role.engg
24507655	user.role.engg
24507646	user.role.engg
24507654	user.role.engg
24507649	user.role.engg
24507653	user.role.engg
24508242	user.role.engg
24513991	user.role.engg
24515437	user.role.engg
90003481	user.role.engg
21514868	user.role.engg
90003475	user.role.engg
90003471	user.role.engg
90003477	user.role.engg
90003486	user.role.engg
90003483	user.role.engg
90003476	user.role.engg
90003478	user.role.engg
90003487	user.role.engg
90003480	user.role.engg
90003482	user.role.engg
90003470	user.role.engg
90003485	user.role.engg
90003472	user.role.engg
90003473	user.role.engg
90003474	user.role.engg
90003479	user.role.engg
10519251	user.role.teamhead
10558002	user.role.teamhead
13501617	user.role.teamhead
24518231	user.role.grouphead
13571240	user.role.grouphead
20511037	user.role.partlead
23511947	user.role.partlead
24525132	user.role.engg
23504632	user.role.engg
23512690	user.role.engg
20517029	user.role.engg
20528710	user.role.engg
21524554	user.role.engg
21518903	user.role.engg
21523617	user.role.engg
21529483	user.role.engg
22505032	user.role.engg
22504935	user.role.engg
22505755	user.role.engg
22508123	user.role.engg
22516281	user.role.engg
22518401	user.role.engg
22519641	user.role.engg
22520305	user.role.engg
22521319	user.role.engg
22529037	user.role.engg
90003465	user.role.engg
18784185	user.role.engg
19542878	user.role.engg
19542935	user.role.engg
21500945	user.role.engg
21523492	user.role.engg
21523496	user.role.engg
21523604	user.role.engg
22510370	user.role.engg
22512545	user.role.engg
22514323	user.role.engg
22515649	user.role.engg
22521316	user.role.engg
22524250	user.role.engg
23514212	user.role.engg
23514219	user.role.engg
24500119	user.role.engg
24500057	user.role.engg
24500123	user.role.engg
24500098	user.role.engg
24507575	user.role.engg
24517856	user.role.engg
24517868	user.role.engg
24517957	user.role.engg
13614213	user.role.engg
13651571	user.role.engg
22526739	user.role.engg
17798314	user.role.engg
18784141	user.role.engg
16751893	user.role.engg
16805245	user.role.engg
18791079	user.role.engg
20504310	user.role.engg
22531540	user.role.engg
22531541	user.role.engg
06680019	user.role.grouphead
06651394	user.role.grouphead
12505467	user.role.engg
12561321	user.role.grouphead
06651430	user.role.partlead
08511481	user.role.partlead
21530260	user.role.partlead
10539655	user.role.engg
10576278	user.role.engg
12511746	user.role.engg
17798380	user.role.engg
18784286	user.role.engg
19529185	user.role.engg
20505514	user.role.engg
21500789	user.role.engg
21500950	user.role.engg
21500959	user.role.engg
21500972	user.role.engg
21523547	user.role.engg
22517897	user.role.engg
22524309	user.role.engg
24516432	user.role.engg
24516828	user.role.engg
24517826	user.role.engg
24517865	user.role.engg
24517900	user.role.engg
24517897	user.role.engg
24517949	user.role.engg
09518061	user.role.grouphead
08537686	user.role.grouphead
06680020	user.role.partlead
07860244	user.role.partlead
11627290	user.role.partlead
13619952	user.role.partlead
15834985	user.role.partlead
13523984	user.role.engg
15830878	user.role.engg
16788380	user.role.engg
20526509	user.role.engg
21500846	user.role.engg
21500900	user.role.engg
21523639	user.role.engg
21528207	user.role.engg
22511325	user.role.engg
22524360	user.role.engg
22531165	user.role.engg
24500088	user.role.engg
24517857	user.role.engg
22518397	user.role.engg
22518398	user.role.engg
22518707	user.role.engg
23505971	user.role.engg
03645452	user.role.partlead
05534565	user.role.partlead
12541473	user.role.culturecatalyst
19534159	user.role.engg
13591604	user.role.engg
23521853	user.role.engg
12541483	user.role.engg
13569474	user.role.engg
23524572	user.role.engg
07823361	user.role.engg
08657656	user.role.engg
11603855	user.role.engg
22538431	user.role.engg
12574358	user.role.engg
18796949	user.role.engg
22517851	user.role.engg
06753146	user.role.partlead
10554271	user.role.partlead
12589550	user.role.partlead
10576286	user.role.engg
12609134	user.role.engg
13560787	user.role.engg
22534885	user.role.engg
07616797	user.role.engg
07888291	user.role.engg
21500952	user.role.engg
22517896	user.role.engg
22517903	user.role.engg
22518387	user.role.engg
22524261	user.role.engg
22524292	user.role.engg
22528351	user.role.engg
24500076	user.role.engg
24500111	user.role.engg
24517828	user.role.engg
24517944	user.role.engg
07842673	user.role.engg
08531542	user.role.engg
12568209	user.role.engg
12648912	user.role.engg
24505065	user.role.engg
21500946	user.role.engg
21523583	user.role.engg
21523606	user.role.engg
22511312	user.role.engg
22524247	user.role.engg
22524299	user.role.engg
22524311	user.role.engg
22524375	user.role.engg
23520181	user.role.engg
19529156	user.role.engg
20526514	user.role.engg
21500947	user.role.engg
21500960	user.role.engg
21518244	user.role.engg
21523596	user.role.engg
21529847	user.role.engg
22506226	user.role.engg
22517856	user.role.engg
22517884	user.role.engg
22524312	user.role.engg
22524404	user.role.engg
22524409	user.role.engg
22527452	user.role.engg
23514255	user.role.engg
23520176	user.role.engg
23520183	user.role.engg
24500043	user.role.engg
24500104	user.role.engg
24500114	user.role.engg
24500087	user.role.engg
13636817	user.role.engg
21500944	user.role.engg
21523498	user.role.engg
21523512	user.role.engg
22517873	user.role.engg
22520125	user.role.engg
22530238	user.role.engg
19529244	user.role.engg
22524315	user.role.engg
24517872	user.role.engg
12587742	user.role.engg
23528981	user.role.engg
24517924	user.role.engg
24500118	user.role.engg
05505704	user.role.engg
24517606	user.role.engg
90003490	user.role.engg
90003491	user.role.engg
90003492	user.role.engg
25507171	user.role.engg
90003505	user.role.engg
25513777	user.role.engg
25513832	user.role.engg
90003489	user.role.engg
25510327	user.role.engg
25510318	user.role.engg
25510321	user.role.engg
25510323	user.role.engg
25510320	user.role.engg
25510324	user.role.engg
25510325	user.role.engg
90003496	user.role.engg
90003498	user.role.engg
90003499	user.role.engg
11584771	user.role.engg
11591839	user.role.engg
13501635	user.role.engg
13501637	user.role.engg
13501645	user.role.engg
13651574	user.role.engg
15757233	user.role.engg
12555126	user.role.engg
12572695	user.role.engg
12572764	user.role.engg
12628401	user.role.engg
13586841	user.role.engg
13648017	user.role.engg
13690503	user.role.engg
14829579	user.role.engg
16769234	user.role.engg
17764980	user.role.engg
17781149	user.role.engg
17781180	user.role.engg
17781251	user.role.engg
18781474	user.role.engg
18796948	user.role.engg
19525066	user.role.engg
19525067	user.role.engg
19537641	user.role.engg
19537643	user.role.engg
90003503	user.role.engg
90003504	user.role.engg
25513843	user.role.engg
25513834	user.role.engg
25513840	user.role.engg
25513841	user.role.engg
25513842	user.role.engg
25513844	user.role.engg
25513849	user.role.engg
25513850	user.role.engg
25513795	user.role.engg
25513797	user.role.engg
25513798	user.role.engg
25513799	user.role.engg
25513801	user.role.engg
25513816	user.role.engg
25513810	user.role.engg
25513775	user.role.engg
25513791	user.role.engg
25513789	user.role.engg
25513779	user.role.engg
25513782	user.role.engg
25513776	user.role.engg
25513778	user.role.engg
25513781	user.role.engg
25513784	user.role.engg
25513787	user.role.engg
25513790	user.role.engg
25513783	user.role.engg
25513847	user.role.engg
25513848	user.role.engg
90003501	user.role.engg
25514241	user.role.engg
25514235	user.role.engg
25514240	user.role.engg
25514236	user.role.engg
25514243	user.role.engg
25514249	user.role.engg
25514252	user.role.engg
25514263	user.role.engg
25514277	user.role.engg
25514254	user.role.engg
25514257	user.role.engg
25514258	user.role.engg
25514259	user.role.engg
25514260	user.role.engg
25514269	user.role.engg
25514271	user.role.engg
25514262	user.role.engg
25514264	user.role.engg
25514265	user.role.engg
25514266	user.role.engg
25514270	user.role.engg
25514272	user.role.engg
25514273	user.role.engg
25514274	user.role.engg
25514275	user.role.engg
25510326	user.role.engg
90003507	user.role.engg
90003497	user.role.engg
90003484	user.role.engg
90003493	user.role.engg
90003494	user.role.engg
90003488	user.role.engg
90003495	user.role.engg
25510319	user.role.engg
25510322	user.role.engg
25513786	user.role.engg
25513793	user.role.engg
25513780	user.role.engg
25513785	user.role.engg
25513788	user.role.engg
25513830	user.role.engg
25513845	user.role.engg
25513846	user.role.engg
25513831	user.role.engg
25513835	user.role.engg
25513833	user.role.engg
25513829	user.role.engg
25513836	user.role.engg
25513838	user.role.engg
25513837	user.role.engg
25513839	user.role.engg
25513802	user.role.engg
25513803	user.role.engg
25508467	user.role.engg
22524319	user.role.engg
21530589	user.role.engg
25513805	user.role.engg
25513807	user.role.engg
25513808	user.role.engg
25513811	user.role.engg
25513812	user.role.engg
25513817	user.role.engg
25513813	user.role.engg
25513814	user.role.engg
25513815	user.role.engg
25513818	user.role.engg
25513819	user.role.engg
25513823	user.role.engg
25513824	user.role.engg
25513828	user.role.engg
25513825	user.role.engg
25513827	user.role.engg
25513826	user.role.engg
25514242	user.role.engg
25514256	user.role.engg
25514237	user.role.engg
25514234	user.role.engg
25514244	user.role.engg
25514246	user.role.engg
25514253	user.role.engg
25514255	user.role.engg
21532627	user.role.engg
21532629	user.role.engg
21532628	user.role.engg
22503513	user.role.engg
22506129	user.role.engg
22508845	user.role.engg
22509507	user.role.engg
22514467	user.role.engg
23509074	user.role.engg
23509407	user.role.engg
23523084	user.role.engg
24500544	user.role.engg
24500545	user.role.engg
24500549	user.role.engg
24500546	user.role.engg
24503308	user.role.engg
24503322	user.role.engg
24515758	user.role.engg
24516855	user.role.engg
24517607	user.role.engg
25514426	user.role.engg
90003508	user.role.engg
90003365	user.role.engg
25513809	user.role.engg
25513806	user.role.engg
25513820	user.role.engg
25513821	user.role.engg
25513822	user.role.engg
25513796	user.role.engg
25513792	user.role.engg
25513794	user.role.engg
25513800	user.role.engg
21500764	user.role.engg
25514251	user.role.engg
21523549	user.role.engg
22510368	user.role.engg
22524336	user.role.engg
23514234	user.role.engg
09536852	user.role.engg
12572916	user.role.engg
13514455	user.role.engg
13554473	user.role.engg
13576713	user.role.engg
13620049	user.role.engg
17782108	user.role.engg
22504513	user.role.engg
22505099	user.role.engg
22514796	user.role.engg
21500772	user.role.engg
21500799	user.role.engg
22507910	user.role.engg
22508525	user.role.engg
22510348	user.role.engg
22516180	user.role.engg
22517870	user.role.engg
23520220	user.role.engg
23520231	user.role.engg
24500051	user.role.engg
24500061	user.role.engg
22524418	user.role.engg
22527449	user.role.engg
22531236	user.role.engg
22531170	user.role.engg
24517842	user.role.engg
24517911	user.role.engg
11513734	user.role.engg
12519212	user.role.engg
13685823	user.role.engg
15803065	user.role.engg
15839929	user.role.engg
22511146	user.role.engg
18784158	user.role.engg
21500770	user.role.engg
21500777	user.role.engg
21500832	user.role.engg
21500853	user.role.engg
21500883	user.role.engg
21523509	user.role.engg
22511304	user.role.engg
22517894	user.role.engg
22524264	user.role.engg
22524263	user.role.engg
22535731	user.role.engg
24517910	user.role.engg
11598095	user.role.engg
12547217	user.role.engg
12563977	user.role.engg
13512763	user.role.engg
15803064	user.role.engg
15830965	user.role.engg
12551193	user.role.engg
12599455	user.role.engg
15803067	user.role.engg
18784058	user.role.engg
21500834	user.role.engg
21523491	user.role.engg
21523567	user.role.engg
22511307	user.role.engg
22517843	user.role.engg
22524437	user.role.engg
23512691	user.role.engg
24517832	user.role.engg
24517901	user.role.engg
04734876	user.role.engg
06680097	user.role.engg
10548214	user.role.engg
12537653	user.role.engg
13636589	user.role.engg
15827345	user.role.engg
13646785	user.role.engg
13685472	user.role.engg
22502260	user.role.engg
13630664	user.role.culturecatalyst
13668238	user.role.engg
08552838	user.role.engg
11520701	user.role.engg
11573625	user.role.engg
13572073	user.role.engg
13588651	user.role.engg
13581259	user.role.engg
17798234	user.role.engg
19529153	user.role.engg
19529219	user.role.engg
21523614	user.role.engg
21530887	user.role.engg
22511469	user.role.engg
22515764	user.role.engg
22518664	user.role.engg
22517881	user.role.engg
22524267	user.role.engg
22524316	user.role.engg
22524401	user.role.engg
22524430	user.role.engg
22536180	user.role.engg
23503393	user.role.engg
23514244	user.role.engg
24517887	user.role.engg
24517951	user.role.engg
08612280	user.role.grouphead
25514268	user.role.engg
90003046	user.role.engg
90003001	user.role.engg
90003076	user.role.engg
90003085	user.role.engg
90003084	user.role.engg
90003072	user.role.engg
90003042	user.role.engg
90003005	user.role.engg
90003103	user.role.engg
90003225	user.role.engg
90003219	user.role.engg
90003223	user.role.engg
90003238	user.role.engg
90003361	user.role.engg
90003362	user.role.engg
90003366	user.role.engg
90003369	user.role.engg
24500121	user.role.engg
24515334	user.role.engg
24517831	user.role.engg
24517849	user.role.engg
24517853	user.role.engg
10543340	user.role.engg
13563563	user.role.engg
13574377	user.role.engg
13574378	user.role.engg
13599247	user.role.engg
16756575	user.role.engg
21500807	user.role.engg
21523488	user.role.engg
21523518	user.role.engg
22517891	user.role.engg
25514276	user.role.engg
22524254	user.role.engg
22524307	user.role.engg
23514241	user.role.engg
23520193	user.role.engg
24500101	user.role.engg
24500129	user.role.engg
24500122	user.role.engg
24517878	user.role.engg
24517967	user.role.engg
24517898	user.role.engg
11569138	user.role.engg
18784195	user.role.engg
20507261	user.role.engg
21500975	user.role.engg
21523529	user.role.engg
22517876	user.role.engg
23514483	user.role.engg
24500053	user.role.engg
24500078	user.role.engg
24517932	user.role.engg
10572549	user.role.engg
13588656	user.role.engg
13590160	user.role.engg
13604236	user.role.engg
13611614	user.role.engg
13636596	user.role.engg
22529013	user.role.engg
19529242	user.role.engg
21500872	user.role.engg
21500901	user.role.engg
21523576	user.role.engg
21528206	user.role.engg
22517869	user.role.engg
22518386	user.role.engg
22524314	user.role.engg
22524411	user.role.engg
22529441	user.role.engg
23514217	user.role.engg
24517861	user.role.engg
24517820	user.role.engg
24517835	user.role.engg
24517840	user.role.engg
24517845	user.role.engg
24517854	user.role.engg
24517869	user.role.engg
24517886	user.role.engg
24517919	user.role.engg
24517941	user.role.engg
24517954	user.role.engg
24517979	user.role.engg
24517959	user.role.engg
24517975	user.role.engg
20526511	user.role.engg
23500879	user.role.engg
23521854	user.role.engg
23528669	user.role.engg
24517859	user.role.engg
04735211	user.role.engg
07685269	user.role.engg
10501559	user.role.engg
12509817	user.role.engg
12599459	user.role.engg
13549430	user.role.engg
13618454	user.role.engg
05546349	user.role.engg
08524230	user.role.engg
08515918	user.role.engg
11584776	user.role.engg
11619824	user.role.engg
12580416	user.role.engg
12587744	user.role.engg
13597053	user.role.engg
13613526	user.role.engg
13617743	user.role.engg
13635008	user.role.engg
13637571	user.role.engg
13649129	user.role.engg
15773566	user.role.engg
09544804	user.role.engg
11571625	user.role.engg
12562999	user.role.engg
12565651	user.role.engg
12572748	user.role.engg
22505095	user.role.engg
22505111	user.role.engg
22506227	user.role.engg
22510433	user.role.engg
22517904	user.role.engg
22520124	user.role.engg
22524313	user.role.engg
22524320	user.role.engg
22524329	user.role.engg
99999993	user.role.engg
25514279	user.role.engg
25514280	user.role.engg
25514281	user.role.engg
25514282	user.role.engg
25514284	user.role.engg
25514283	user.role.engg
25514285	user.role.engg
90003502	user.role.engg
90003509	user.role.engg
25517223	user.role.engg
25517220	user.role.engg
25517218	user.role.engg
25515773	user.role.engg
25517219	user.role.engg
90003514	user.role.engg
25514238	user.role.engg
25514248	user.role.engg
25514247	user.role.engg
25514261	user.role.engg
25514239	user.role.engg
25514250	user.role.engg
25514245	user.role.engg
25514267	user.role.engg
25514278	user.role.engg
25514286	user.role.engg
25514287	user.role.engg
25514288	user.role.engg
25514289	user.role.engg
97183783	user.role.engg
25517222	user.role.engg
25517221	user.role.engg
25500877	user.role.engg
25500876	user.role.engg
25500914	user.role.engg
25500920	user.role.engg
25500906	user.role.engg
25500910	user.role.engg
25500867	user.role.engg
25500879	user.role.engg
25500872	user.role.engg
25500885	user.role.engg
25500888	user.role.engg
25500895	user.role.engg
25500905	user.role.engg
25500907	user.role.engg
25500875	user.role.engg
25500882	user.role.engg
25500878	user.role.engg
25500911	user.role.engg
25500880	user.role.engg
25500873	user.role.engg
25500870	user.role.engg
25500909	user.role.engg
25500915	user.role.engg
25500923	user.role.engg
22530240	user.role.engg
22531239	user.role.engg
22533360	user.role.engg
22534221	user.role.engg
23508419	user.role.engg
23513118	user.role.engg
23526647	user.role.engg
23528899	user.role.engg
24500798	user.role.engg
24504396	user.role.engg
24504904	user.role.engg
24510768	user.role.engg
24512282	user.role.engg
24514587	user.role.engg
24515352	user.role.engg
24516453	user.role.engg
24516501	user.role.engg
24516506	user.role.engg
24517609	user.role.engg
24520277	user.role.engg
24520430	user.role.engg
24520432	user.role.engg
24520468	user.role.engg
24520469	user.role.engg
24522499	user.role.engg
24524025	user.role.engg
24501247	user.role.engg
21502734	user.role.engg
21513123	user.role.engg
